<?xml version="1.0" encoding="UTF-8"?>
<!DOCTYPE dwr PUBLIC
    "-//GetAhead Limited//DTD Direct Web Remoting 2.0//EN"
    "http://getahead.org/dwr/dwr20.dtd">



<dwr>
    <allow>
       <create javascript="JCusBiz" creator="new">
           <param name="class" value="com.csu.gymms.ajax.biz.CoachInfoBiz"></param>
           <include method="check_cname" />
       </create>
       <create javascript="JCusBiz_user" creator="new">
           <param name="class" value="com.csu.gymms.ajax.biz.UserInfoBiz"></param>
           <include method="check_uname" />
       </create>
         <create javascript="JCusBiz_M" creator="new">
           <param name="class" value="com.csu.gymms.ajax.biz.MemberBiz"></param>
           <include method="check_mname" />
           <include method="check_id" />
       </create>
        <create javascript="JCusBiz_D" creator="new">
           <param name="class" value="com.csu.gymms.ajax.biz.DeviseBiz"></param>
           <include method="check_aname" />
           <include method="check_aid" />
       </create>
    </allow>    
</dwr>